"x","y","first_image","second_image","rad","delay1","delay2","delay3","delay4","delay5"
792,384,"Scene1_CON.png","Scene1_SEM.png",43.5,0,1000,2000,3000,4000
741,384,"Scene1_CON.png","Scene1_SEM.png",43.5,0,1000,2000,3000,4000
792,333,"Scene1_CON.png","Scene1_SEM.png",43.5,0,1000,2000,3000,4000
843,384,"Scene1_CON.png","Scene1_SEM.png",43.5,0,1000,2000,3000,4000
843,333,"Scene1_CON.png","Scene1_SEM.png",43.5,0,1000,2000,3000,4000
741,333,"Scene1_CON.png","Scene1_SEM.png",43.5,0,1000,2000,3000,4000
894,537,"Scene2_CON.png","Scene2_SEM.png",43.5,0,1000,2000,3000,4000
945,537,"Scene2_CON.png","Scene2_SEM.png",43.5,0,1000,2000,3000,4000
996,537,"Scene2_CON.png","Scene2_SEM.png",43.5,0,1000,2000,3000,4000
996,486,"Scene2_CON.png","Scene2_SEM.png",43.5,0,1000,2000,3000,4000
945,486,"Scene2_CON.png","Scene2_SEM.png",43.5,0,1000,2000,3000,4000
894,435,"Scene2_CON.png","Scene2_SEM.png",43.5,0,1000,2000,3000,4000
894,486,"Scene2_CON.png","Scene2_SEM.png",43.5,0,1000,2000,3000,4000
843,486,"Scene2_CON.png","Scene2_SEM.png",43.5,0,1000,2000,3000,4000
435,384,"Scene3_CON.png","Scene3_SEM.png",43.5,0,1000,2000,3000,4000
435,333,"Scene3_CON.png","Scene3_SEM.png",43.5,0,1000,2000,3000,4000
486,333,"Scene3_CON.png","Scene3_SEM.png",43.5,0,1000,2000,3000,4000
537,333,"Scene3_CON.png","Scene3_SEM.png",43.5,0,1000,2000,3000,4000
588,333,"Scene3_CON.png","Scene3_SEM.png",43.5,0,1000,2000,3000,4000
639,333,"Scene3_CON.png","Scene3_SEM.png",43.5,0,1000,2000,3000,4000
639,384,"Scene3_CON.png","Scene3_SEM.png",43.5,0,1000,2000,3000,4000
588,384,"Scene3_CON.png","Scene3_SEM.png",43.5,0,1000,2000,3000,4000
588,435,"Scene3_CON.png","Scene3_SEM.png",43.5,0,1000,2000,3000,4000
537,435,"Scene3_CON.png","Scene3_SEM.png",43.5,0,1000,2000,3000,4000
486,384,"Scene3_CON.png","Scene3_SEM.png",43.5,0,1000,2000,3000,4000
537,384,"Scene3_CON.png","Scene3_SEM.png",43.5,0,1000,2000,3000,4000
435,78,"Scene4_CON.png","Scene4_SEM.png",43.5,0,1000,2000,3000,4000
384,78,"Scene4_CON.png","Scene4_SEM.png",43.5,0,1000,2000,3000,4000
435,27,"Scene4_CON.png","Scene4_SEM.png",43.5,0,1000,2000,3000,4000
486,27,"Scene4_CON.png","Scene4_SEM.png",43.5,0,1000,2000,3000,4000
486,78,"Scene4_CON.png","Scene4_SEM.png",43.5,0,1000,2000,3000,4000
537,78,"Scene4_CON.png","Scene4_SEM.png",43.5,0,1000,2000,3000,4000
588,78,"Scene4_CON.png","Scene4_SEM.png",43.5,0,1000,2000,3000,4000
231,435,"Scene5_CON.png","Scene5_SEM.png",43.5,0,1000,2000,3000,4000
180,486,"Scene5_CON.png","Scene5_SEM.png",43.5,0,1000,2000,3000,4000
129,486,"Scene5_CON.png","Scene5_SEM.png",43.5,0,1000,2000,3000,4000
78,486,"Scene5_CON.png","Scene5_SEM.png",43.5,0,1000,2000,3000,4000
78,435,"Scene5_CON.png","Scene5_SEM.png",43.5,0,1000,2000,3000,4000
78,384,"Scene5_CON.png","Scene5_SEM.png",43.5,0,1000,2000,3000,4000
129,333,"Scene5_CON.png","Scene5_SEM.png",43.5,0,1000,2000,3000,4000
180,333,"Scene5_CON.png","Scene5_SEM.png",43.5,0,1000,2000,3000,4000
231,384,"Scene5_CON.png","Scene5_SEM.png",43.5,0,1000,2000,3000,4000
180,384,"Scene5_CON.png","Scene5_SEM.png",43.5,0,1000,2000,3000,4000
129,384,"Scene5_CON.png","Scene5_SEM.png",43.5,0,1000,2000,3000,4000
129,435,"Scene5_CON.png","Scene5_SEM.png",43.5,0,1000,2000,3000,4000
180,435,"Scene5_CON.png","Scene5_SEM.png",43.5,0,1000,2000,3000,4000
537,486,"Scene6_CON.png","Scene6_SEM.png",43.5,0,1000,2000,3000,4000
588,486,"Scene6_CON.png","Scene6_SEM.png",43.5,0,1000,2000,3000,4000
588,435,"Scene6_CON.png","Scene6_SEM.png",43.5,0,1000,2000,3000,4000
537,435,"Scene6_CON.png","Scene6_SEM.png",43.5,0,1000,2000,3000,4000
741,384,"Scene7_CON.png","Scene7_SEM.png",43.5,0,1000,2000,3000,4000
792,384,"Scene7_CON.png","Scene7_SEM.png",43.5,0,1000,2000,3000,4000
843,384,"Scene7_CON.png","Scene7_SEM.png",43.5,0,1000,2000,3000,4000
843,333,"Scene7_CON.png","Scene7_SEM.png",43.5,0,1000,2000,3000,4000
894,384,"Scene7_CON.png","Scene7_SEM.png",43.5,0,1000,2000,3000,4000
894,435,"Scene7_CON.png","Scene7_SEM.png",43.5,0,1000,2000,3000,4000
945,435,"Scene7_CON.png","Scene7_SEM.png",43.5,0,1000,2000,3000,4000
996,435,"Scene7_CON.png","Scene7_SEM.png",43.5,0,1000,2000,3000,4000
843,435,"Scene7_CON.png","Scene7_SEM.png",43.5,0,1000,2000,3000,4000
333,384,"Scene8_CON.png","Scene8_SEM.png",43.5,0,1000,2000,3000,4000
384,384,"Scene8_CON.png","Scene8_SEM.png",43.5,0,1000,2000,3000,4000
435,384,"Scene8_CON.png","Scene8_SEM.png",43.5,0,1000,2000,3000,4000
486,384,"Scene8_CON.png","Scene8_SEM.png",43.5,0,1000,2000,3000,4000
537,384,"Scene8_CON.png","Scene8_SEM.png",43.5,0,1000,2000,3000,4000
588,384,"Scene8_CON.png","Scene8_SEM.png",43.5,0,1000,2000,3000,4000
639,435,"Scene8_CON.png","Scene8_SEM.png",43.5,0,1000,2000,3000,4000
690,384,"Scene8_CON.png","Scene8_SEM.png",43.5,0,1000,2000,3000,4000
639,384,"Scene8_CON.png","Scene8_SEM.png",43.5,0,1000,2000,3000,4000
690,435,"Scene8_CON.png","Scene8_SEM.png",43.5,0,1000,2000,3000,4000
741,435,"Scene8_CON.png","Scene8_SEM.png",43.5,0,1000,2000,3000,4000
792,486,"Scene8_CON.png","Scene8_SEM.png",43.5,0,1000,2000,3000,4000
792,435,"Scene8_CON.png","Scene8_SEM.png",43.5,0,1000,2000,3000,4000
843,537,"Scene8_CON.png","Scene8_SEM.png",43.5,0,1000,2000,3000,4000
741,486,"Scene8_CON.png","Scene8_SEM.png",43.5,0,1000,2000,3000,4000
690,486,"Scene8_CON.png","Scene8_SEM.png",43.5,0,1000,2000,3000,4000
639,486,"Scene8_CON.png","Scene8_SEM.png",43.5,0,1000,2000,3000,4000
588,486,"Scene8_CON.png","Scene8_SEM.png",43.5,0,1000,2000,3000,4000
588,435,"Scene8_CON.png","Scene8_SEM.png",43.5,0,1000,2000,3000,4000
537,435,"Scene8_CON.png","Scene8_SEM.png",43.5,0,1000,2000,3000,4000
486,435,"Scene8_CON.png","Scene8_SEM.png",43.5,0,1000,2000,3000,4000
435,435,"Scene8_CON.png","Scene8_SEM.png",43.5,0,1000,2000,3000,4000
384,435,"Scene8_CON.png","Scene8_SEM.png",43.5,0,1000,2000,3000,4000
333,435,"Scene8_CON.png","Scene8_SEM.png",43.5,0,1000,2000,3000,4000
792,129,"Scene9_CON.png","Scene9_SEM.png",43.5,0,1000,2000,3000,4000
843,129,"Scene9_CON.png","Scene9_SEM.png",43.5,0,1000,2000,3000,4000
894,78,"Scene9_CON.png","Scene9_SEM.png",43.5,0,1000,2000,3000,4000
843,27,"Scene9_CON.png","Scene9_SEM.png",43.5,0,1000,2000,3000,4000
792,78,"Scene9_CON.png","Scene9_SEM.png",43.5,0,1000,2000,3000,4000
843,78,"Scene9_CON.png","Scene9_SEM.png",43.5,0,1000,2000,3000,4000
231,333,"Scene10_CON.png","Scene10_SEM.png",43.5,0,1000,2000,3000,4000
231,282,"Scene10_CON.png","Scene10_SEM.png",43.5,0,1000,2000,3000,4000
231,231,"Scene10_CON.png","Scene10_SEM.png",43.5,0,1000,2000,3000,4000
282,231,"Scene10_CON.png","Scene10_SEM.png",43.5,0,1000,2000,3000,4000
333,231,"Scene10_CON.png","Scene10_SEM.png",43.5,0,1000,2000,3000,4000
333,282,"Scene10_CON.png","Scene10_SEM.png",43.5,0,1000,2000,3000,4000
282,282,"Scene10_CON.png","Scene10_SEM.png",43.5,0,1000,2000,3000,4000
282,333,"Scene10_CON.png","Scene10_SEM.png",43.5,0,1000,2000,3000,4000
333,333,"Scene10_CON.png","Scene10_SEM.png",43.5,0,1000,2000,3000,4000
333,588,"Scene11_CON.png","Scene11_SEM.png",43.5,0,1000,2000,3000,4000
384,588,"Scene11_CON.png","Scene11_SEM.png",43.5,0,1000,2000,3000,4000
435,588,"Scene11_CON.png","Scene11_SEM.png",43.5,0,1000,2000,3000,4000
435,639,"Scene11_CON.png","Scene11_SEM.png",43.5,0,1000,2000,3000,4000
486,690,"Scene11_CON.png","Scene11_SEM.png",43.5,0,1000,2000,3000,4000
435,690,"Scene11_CON.png","Scene11_SEM.png",43.5,0,1000,2000,3000,4000
384,690,"Scene11_CON.png","Scene11_SEM.png",43.5,0,1000,2000,3000,4000
333,741,"Scene11_CON.png","Scene11_SEM.png",43.5,0,1000,2000,3000,4000
282,690,"Scene11_CON.png","Scene11_SEM.png",43.5,0,1000,2000,3000,4000
333,690,"Scene11_CON.png","Scene11_SEM.png",43.5,0,1000,2000,3000,4000
333,639,"Scene11_CON.png","Scene11_SEM.png",43.5,0,1000,2000,3000,4000
384,639,"Scene11_CON.png","Scene11_SEM.png",43.5,0,1000,2000,3000,4000
486,537,"Scene12_CON.png","Scene12_SEM.png",43.5,0,1000,2000,3000,4000
486,486,"Scene12_CON.png","Scene12_SEM.png",43.5,0,1000,2000,3000,4000
537,486,"Scene12_CON.png","Scene12_SEM.png",43.5,0,1000,2000,3000,4000
537,435,"Scene12_CON.png","Scene12_SEM.png",43.5,0,1000,2000,3000,4000
588,384,"Scene12_CON.png","Scene12_SEM.png",43.5,0,1000,2000,3000,4000
537,537,"Scene12_CON.png","Scene12_SEM.png",43.5,0,1000,2000,3000,4000
588,486,"Scene12_CON.png","Scene12_SEM.png",43.5,0,1000,2000,3000,4000
639,537,"Scene12_CON.png","Scene12_SEM.png",43.5,0,1000,2000,3000,4000
639,588,"Scene12_CON.png","Scene12_SEM.png",43.5,0,1000,2000,3000,4000
588,537,"Scene12_CON.png","Scene12_SEM.png",43.5,0,1000,2000,3000,4000
588,588,"Scene12_CON.png","Scene12_SEM.png",43.5,0,1000,2000,3000,4000
537,639,"Scene12_CON.png","Scene12_SEM.png",43.5,0,1000,2000,3000,4000
537,588,"Scene12_CON.png","Scene12_SEM.png",43.5,0,1000,2000,3000,4000
486,588,"Scene12_CON.png","Scene12_SEM.png",43.5,0,1000,2000,3000,4000
435,588,"Scene12_CON.png","Scene12_SEM.png",43.5,0,1000,2000,3000,4000
129,486,"Scene13_CON.png","Scene13_SEM.png",43.5,1000,2000,3000,4000,0
129,435,"Scene13_CON.png","Scene13_SEM.png",43.5,1000,2000,3000,4000,0
129,384,"Scene13_CON.png","Scene13_SEM.png",43.5,1000,2000,3000,4000,0
384,435,"Scene14_CON.png","Scene14_SEM.png",43.5,1000,2000,3000,4000,0
384,384,"Scene14_CON.png","Scene14_SEM.png",43.5,1000,2000,3000,4000,0
384,333,"Scene14_CON.png","Scene14_SEM.png",43.5,1000,2000,3000,4000,0
384,282,"Scene14_CON.png","Scene14_SEM.png",43.5,1000,2000,3000,4000,0
333,282,"Scene14_CON.png","Scene14_SEM.png",43.5,1000,2000,3000,4000,0
333,333,"Scene14_CON.png","Scene14_SEM.png",43.5,1000,2000,3000,4000,0
333,384,"Scene14_CON.png","Scene14_SEM.png",43.5,1000,2000,3000,4000,0
690,333,"Scene15_CON.png","Scene15_SEM.png",43.5,1000,2000,3000,4000,0
690,282,"Scene15_CON.png","Scene15_SEM.png",43.5,1000,2000,3000,4000,0
690,231,"Scene15_CON.png","Scene15_SEM.png",43.5,1000,2000,3000,4000,0
435,537,"Scene16_CON.png","Scene16_SEM.png",43.5,1000,2000,3000,4000,0
435,486,"Scene16_CON.png","Scene16_SEM.png",43.5,1000,2000,3000,4000,0
639,435,"Scene17_CON.png","Scene17_SEM.png",43.5,1000,2000,3000,4000,0
690,435,"Scene17_CON.png","Scene17_SEM.png",43.5,1000,2000,3000,4000,0
741,435,"Scene17_CON.png","Scene17_SEM.png",43.5,1000,2000,3000,4000,0
690,486,"Scene17_CON.png","Scene17_SEM.png",43.5,1000,2000,3000,4000,0
741,486,"Scene17_CON.png","Scene17_SEM.png",43.5,1000,2000,3000,4000,0
639,486,"Scene17_CON.png","Scene17_SEM.png",43.5,1000,2000,3000,4000,0
231,384,"Scene18_CON.png","Scene18_SEM.png",43.5,1000,2000,3000,4000,0
282,384,"Scene18_CON.png","Scene18_SEM.png",43.5,1000,2000,3000,4000,0
333,384,"Scene18_CON.png","Scene18_SEM.png",43.5,1000,2000,3000,4000,0
384,384,"Scene18_CON.png","Scene18_SEM.png",43.5,1000,2000,3000,4000,0
435,435,"Scene18_CON.png","Scene18_SEM.png",43.5,1000,2000,3000,4000,0
384,435,"Scene18_CON.png","Scene18_SEM.png",43.5,1000,2000,3000,4000,0
333,435,"Scene18_CON.png","Scene18_SEM.png",43.5,1000,2000,3000,4000,0
282,435,"Scene18_CON.png","Scene18_SEM.png",43.5,1000,2000,3000,4000,0
588,588,"Scene19_CON.png","Scene19_SEM.png",43.5,1000,2000,3000,4000,0
639,588,"Scene19_CON.png","Scene19_SEM.png",43.5,1000,2000,3000,4000,0
690,639,"Scene19_CON.png","Scene19_SEM.png",43.5,1000,2000,3000,4000,0
384,537,"Scene20_CON.png","Scene20_SEM.png",43.5,1000,2000,3000,4000,0
435,537,"Scene20_CON.png","Scene20_SEM.png",43.5,1000,2000,3000,4000,0
333,537,"Scene20_CON.png","Scene20_SEM.png",43.5,1000,2000,3000,4000,0
792,588,"Scene21_CON.png","Scene21_SEM.png",43.5,1000,2000,3000,4000,0
843,588,"Scene21_CON.png","Scene21_SEM.png",43.5,1000,2000,3000,4000,0
792,537,"Scene21_CON.png","Scene21_SEM.png",43.5,1000,2000,3000,4000,0
843,537,"Scene21_CON.png","Scene21_SEM.png",43.5,1000,2000,3000,4000,0
588,486,"Scene22_CON.png","Scene22_SEM.png",43.5,1000,2000,3000,4000,0
639,486,"Scene22_CON.png","Scene22_SEM.png",43.5,1000,2000,3000,4000,0
588,435,"Scene22_CON.png","Scene22_SEM.png",43.5,1000,2000,3000,4000,0
639,435,"Scene22_CON.png","Scene22_SEM.png",43.5,1000,2000,3000,4000,0
639,384,"Scene22_CON.png","Scene22_SEM.png",43.5,1000,2000,3000,4000,0
180,690,"Scene23_CON.png","Scene23_SEM.png",43.5,1000,2000,3000,4000,0
231,690,"Scene23_CON.png","Scene23_SEM.png",43.5,1000,2000,3000,4000,0
282,690,"Scene23_CON.png","Scene23_SEM.png",43.5,1000,2000,3000,4000,0
333,690,"Scene23_CON.png","Scene23_SEM.png",43.5,1000,2000,3000,4000,0
384,639,"Scene23_CON.png","Scene23_SEM.png",43.5,1000,2000,3000,4000,0
384,588,"Scene23_CON.png","Scene23_SEM.png",43.5,1000,2000,3000,4000,0
333,588,"Scene23_CON.png","Scene23_SEM.png",43.5,1000,2000,3000,4000,0
282,588,"Scene23_CON.png","Scene23_SEM.png",43.5,1000,2000,3000,4000,0
231,639,"Scene23_CON.png","Scene23_SEM.png",43.5,1000,2000,3000,4000,0
180,639,"Scene23_CON.png","Scene23_SEM.png",43.5,1000,2000,3000,4000,0
282,639,"Scene23_CON.png","Scene23_SEM.png",43.5,1000,2000,3000,4000,0
333,639,"Scene23_CON.png","Scene23_SEM.png",43.5,1000,2000,3000,4000,0
231,588,"Scene23_CON.png","Scene23_SEM.png",43.5,1000,2000,3000,4000,0
282,537,"Scene24_CON.png","Scene24_SEM.png",43.5,1000,2000,3000,4000,0
333,537,"Scene24_CON.png","Scene24_SEM.png",43.5,1000,2000,3000,4000,0
384,537,"Scene24_CON.png","Scene24_SEM.png",43.5,1000,2000,3000,4000,0
435,537,"Scene24_CON.png","Scene24_SEM.png",43.5,1000,2000,3000,4000,0
486,537,"Scene24_CON.png","Scene24_SEM.png",43.5,1000,2000,3000,4000,0
486,588,"Scene24_CON.png","Scene24_SEM.png",43.5,1000,2000,3000,4000,0
486,639,"Scene24_CON.png","Scene24_SEM.png",43.5,1000,2000,3000,4000,0
486,690,"Scene24_CON.png","Scene24_SEM.png",43.5,1000,2000,3000,4000,0
435,690,"Scene24_CON.png","Scene24_SEM.png",43.5,1000,2000,3000,4000,0
384,690,"Scene24_CON.png","Scene24_SEM.png",43.5,1000,2000,3000,4000,0
333,690,"Scene24_CON.png","Scene24_SEM.png",43.5,1000,2000,3000,4000,0
282,690,"Scene24_CON.png","Scene24_SEM.png",43.5,1000,2000,3000,4000,0
282,639,"Scene24_CON.png","Scene24_SEM.png",43.5,1000,2000,3000,4000,0
282,588,"Scene24_CON.png","Scene24_SEM.png",43.5,1000,2000,3000,4000,0
333,588,"Scene24_CON.png","Scene24_SEM.png",43.5,1000,2000,3000,4000,0
384,588,"Scene24_CON.png","Scene24_SEM.png",43.5,1000,2000,3000,4000,0
435,588,"Scene24_CON.png","Scene24_SEM.png",43.5,1000,2000,3000,4000,0
435,639,"Scene24_CON.png","Scene24_SEM.png",43.5,1000,2000,3000,4000,0
384,639,"Scene24_CON.png","Scene24_SEM.png",43.5,1000,2000,3000,4000,0
333,639,"Scene24_CON.png","Scene24_SEM.png",43.5,1000,2000,3000,4000,0
843,282,"Scene25_CON.png","Scene25_SEM.png",43.5,2000,3000,4000,0,1000
894,333,"Scene25_CON.png","Scene25_SEM.png",43.5,2000,3000,4000,0,1000
945,333,"Scene25_CON.png","Scene25_SEM.png",43.5,2000,3000,4000,0,1000
945,282,"Scene25_CON.png","Scene25_SEM.png",43.5,2000,3000,4000,0,1000
894,282,"Scene25_CON.png","Scene25_SEM.png",43.5,2000,3000,4000,0,1000
894,231,"Scene25_CON.png","Scene25_SEM.png",43.5,2000,3000,4000,0,1000
843,282,"Scene26_CON.png","Scene26_SEM.png",43.5,2000,3000,4000,0,1000
894,231,"Scene26_CON.png","Scene26_SEM.png",43.5,2000,3000,4000,0,1000
945,282,"Scene26_CON.png","Scene26_SEM.png",43.5,2000,3000,4000,0,1000
894,282,"Scene26_CON.png","Scene26_SEM.png",43.5,2000,3000,4000,0,1000
537,537,"Scene27_CON.png","Scene27_SEM.png",43.5,2000,3000,4000,0,1000
486,537,"Scene27_CON.png","Scene27_SEM.png",43.5,2000,3000,4000,0,1000
435,486,"Scene27_CON.png","Scene27_SEM.png",43.5,2000,3000,4000,0,1000
486,486,"Scene27_CON.png","Scene27_SEM.png",43.5,2000,3000,4000,0,1000
180,435,"Scene28_CON.png","Scene28_SEM.png",43.5,2000,3000,4000,0,1000
231,384,"Scene28_CON.png","Scene28_SEM.png",43.5,2000,3000,4000,0,1000
180,384,"Scene28_CON.png","Scene28_SEM.png",43.5,2000,3000,4000,0,1000
231,435,"Scene28_CON.png","Scene28_SEM.png",43.5,2000,3000,4000,0,1000
282,435,"Scene28_CON.png","Scene28_SEM.png",43.5,2000,3000,4000,0,1000
282,384,"Scene28_CON.png","Scene28_SEM.png",43.5,2000,3000,4000,0,1000
333,384,"Scene28_CON.png","Scene28_SEM.png",43.5,2000,3000,4000,0,1000
333,435,"Scene28_CON.png","Scene28_SEM.png",43.5,2000,3000,4000,0,1000
384,435,"Scene28_CON.png","Scene28_SEM.png",43.5,2000,3000,4000,0,1000
435,435,"Scene28_CON.png","Scene28_SEM.png",43.5,2000,3000,4000,0,1000
486,435,"Scene28_CON.png","Scene28_SEM.png",43.5,2000,3000,4000,0,1000
537,435,"Scene28_CON.png","Scene28_SEM.png",43.5,2000,3000,4000,0,1000
384,384,"Scene28_CON.png","Scene28_SEM.png",43.5,2000,3000,4000,0,1000
129,741,"Scene29_CON.png","Scene29_SEM.png",43.5,2000,3000,4000,0,1000
129,690,"Scene29_CON.png","Scene29_SEM.png",43.5,2000,3000,4000,0,1000
129,639,"Scene29_CON.png","Scene29_SEM.png",43.5,2000,3000,4000,0,1000
129,588,"Scene29_CON.png","Scene29_SEM.png",43.5,2000,3000,4000,0,1000
180,588,"Scene29_CON.png","Scene29_SEM.png",43.5,2000,3000,4000,0,1000
231,588,"Scene29_CON.png","Scene29_SEM.png",43.5,2000,3000,4000,0,1000
282,537,"Scene29_CON.png","Scene29_SEM.png",43.5,2000,3000,4000,0,1000
282,588,"Scene29_CON.png","Scene29_SEM.png",43.5,2000,3000,4000,0,1000
231,537,"Scene29_CON.png","Scene29_SEM.png",43.5,2000,3000,4000,0,1000
180,537,"Scene29_CON.png","Scene29_SEM.png",43.5,2000,3000,4000,0,1000
180,486,"Scene29_CON.png","Scene29_SEM.png",43.5,2000,3000,4000,0,1000
231,486,"Scene29_CON.png","Scene29_SEM.png",43.5,2000,3000,4000,0,1000
231,435,"Scene29_CON.png","Scene29_SEM.png",43.5,2000,3000,4000,0,1000
180,435,"Scene29_CON.png","Scene29_SEM.png",43.5,2000,3000,4000,0,1000
180,384,"Scene29_CON.png","Scene29_SEM.png",43.5,2000,3000,4000,0,1000
231,384,"Scene29_CON.png","Scene29_SEM.png",43.5,2000,3000,4000,0,1000
282,333,"Scene29_CON.png","Scene29_SEM.png",43.5,2000,3000,4000,0,1000
282,384,"Scene29_CON.png","Scene29_SEM.png",43.5,2000,3000,4000,0,1000
282,435,"Scene29_CON.png","Scene29_SEM.png",43.5,2000,3000,4000,0,1000
333,435,"Scene29_CON.png","Scene29_SEM.png",43.5,2000,3000,4000,0,1000
333,384,"Scene29_CON.png","Scene29_SEM.png",43.5,2000,3000,4000,0,1000
78,282,"Scene30_CON.png","Scene30_SEM.png",43.5,2000,3000,4000,0,1000
27,588,"Scene30_CON.png","Scene30_SEM.png",43.5,2000,3000,4000,0,1000
27,639,"Scene30_CON.png","Scene30_SEM.png",43.5,2000,3000,4000,0,1000
78,690,"Scene30_CON.png","Scene30_SEM.png",43.5,2000,3000,4000,0,1000
27,741,"Scene30_CON.png","Scene30_SEM.png",43.5,2000,3000,4000,0,1000
27,282,"Scene30_CON.png","Scene30_SEM.png",43.5,2000,3000,4000,0,1000
78,231,"Scene30_CON.png","Scene30_SEM.png",43.5,2000,3000,4000,0,1000
27,180,"Scene30_CON.png","Scene30_SEM.png",43.5,2000,3000,4000,0,1000
78,129,"Scene30_CON.png","Scene30_SEM.png",43.5,2000,3000,4000,0,1000
27,129,"Scene30_CON.png","Scene30_SEM.png",43.5,2000,3000,4000,0,1000
78,78,"Scene30_CON.png","Scene30_SEM.png",43.5,2000,3000,4000,0,1000
129,78,"Scene30_CON.png","Scene30_SEM.png",43.5,2000,3000,4000,0,1000
129,129,"Scene30_CON.png","Scene30_SEM.png",43.5,2000,3000,4000,0,1000
180,180,"Scene30_CON.png","Scene30_SEM.png",43.5,2000,3000,4000,0,1000
180,129,"Scene30_CON.png","Scene30_SEM.png",43.5,2000,3000,4000,0,1000
129,180,"Scene30_CON.png","Scene30_SEM.png",43.5,2000,3000,4000,0,1000
78,180,"Scene30_CON.png","Scene30_SEM.png",43.5,2000,3000,4000,0,1000
129,282,"Scene30_CON.png","Scene30_SEM.png",43.5,2000,3000,4000,0,1000
486,231,"Scene31_CON.png","Scene31_SEM.png",43.5,2000,3000,4000,0,1000
537,231,"Scene31_CON.png","Scene31_SEM.png",43.5,2000,3000,4000,0,1000
588,231,"Scene31_CON.png","Scene31_SEM.png",43.5,2000,3000,4000,0,1000
639,231,"Scene31_CON.png","Scene31_SEM.png",43.5,2000,3000,4000,0,1000
639,282,"Scene31_CON.png","Scene31_SEM.png",43.5,2000,3000,4000,0,1000
690,282,"Scene31_CON.png","Scene31_SEM.png",43.5,2000,3000,4000,0,1000
690,333,"Scene31_CON.png","Scene31_SEM.png",43.5,2000,3000,4000,0,1000
639,333,"Scene31_CON.png","Scene31_SEM.png",43.5,2000,3000,4000,0,1000
588,282,"Scene31_CON.png","Scene31_SEM.png",43.5,2000,3000,4000,0,1000
537,282,"Scene31_CON.png","Scene31_SEM.png",43.5,2000,3000,4000,0,1000
486,282,"Scene31_CON.png","Scene31_SEM.png",43.5,2000,3000,4000,0,1000
537,333,"Scene31_CON.png","Scene31_SEM.png",43.5,2000,3000,4000,0,1000
588,333,"Scene31_CON.png","Scene31_SEM.png",43.5,2000,3000,4000,0,1000
129,333,"Scene32_CON.png","Scene32_SEM.png",43.5,2000,3000,4000,0,1000
180,333,"Scene32_CON.png","Scene32_SEM.png",43.5,2000,3000,4000,0,1000
231,333,"Scene32_CON.png","Scene32_SEM.png",43.5,2000,3000,4000,0,1000
282,333,"Scene32_CON.png","Scene32_SEM.png",43.5,2000,3000,4000,0,1000
282,282,"Scene32_CON.png","Scene32_SEM.png",43.5,2000,3000,4000,0,1000
231,231,"Scene32_CON.png","Scene32_SEM.png",43.5,2000,3000,4000,0,1000
180,231,"Scene32_CON.png","Scene32_SEM.png",43.5,2000,3000,4000,0,1000
129,282,"Scene32_CON.png","Scene32_SEM.png",43.5,2000,3000,4000,0,1000
180,282,"Scene32_CON.png","Scene32_SEM.png",43.5,2000,3000,4000,0,1000
231,282,"Scene32_CON.png","Scene32_SEM.png",43.5,2000,3000,4000,0,1000
639,486,"Scene33_CON.png","Scene33_SEM.png",43.5,2000,3000,4000,0,1000
690,486,"Scene33_CON.png","Scene33_SEM.png",43.5,2000,3000,4000,0,1000
741,537,"Scene33_CON.png","Scene33_SEM.png",43.5,2000,3000,4000,0,1000
690,537,"Scene33_CON.png","Scene33_SEM.png",43.5,2000,3000,4000,0,1000
690,537,"Scene34_CON.png","Scene34_SEM.png",43.5,2000,3000,4000,0,1000
741,537,"Scene34_CON.png","Scene34_SEM.png",43.5,2000,3000,4000,0,1000
792,588,"Scene34_CON.png","Scene34_SEM.png",43.5,2000,3000,4000,0,1000
741,588,"Scene34_CON.png","Scene34_SEM.png",43.5,2000,3000,4000,0,1000
690,588,"Scene34_CON.png","Scene34_SEM.png",43.5,2000,3000,4000,0,1000
27,384,"Scene35_CON.png","Scene35_SEM.png",43.5,2000,3000,4000,0,1000
78,384,"Scene35_CON.png","Scene35_SEM.png",43.5,2000,3000,4000,0,1000
588,333,"Scene36_CON.png","Scene36_SEM.png",43.5,2000,3000,4000,0,1000
639,282,"Scene36_CON.png","Scene36_SEM.png",43.5,2000,3000,4000,0,1000
639,333,"Scene36_CON.png","Scene36_SEM.png",43.5,2000,3000,4000,0,1000
129,588,"Scene37_CON.png","Scene37_SEM.png",43.5,3000,4000,0,1000,2000
180,588,"Scene37_CON.png","Scene37_SEM.png",43.5,3000,4000,0,1000,2000
231,537,"Scene37_CON.png","Scene37_SEM.png",43.5,3000,4000,0,1000,2000
282,486,"Scene37_CON.png","Scene37_SEM.png",43.5,3000,4000,0,1000,2000
231,486,"Scene37_CON.png","Scene37_SEM.png",43.5,3000,4000,0,1000,2000
180,435,"Scene37_CON.png","Scene37_SEM.png",43.5,3000,4000,0,1000,2000
129,486,"Scene37_CON.png","Scene37_SEM.png",43.5,3000,4000,0,1000,2000
78,537,"Scene37_CON.png","Scene37_SEM.png",43.5,3000,4000,0,1000,2000
129,537,"Scene37_CON.png","Scene37_SEM.png",43.5,3000,4000,0,1000,2000
180,537,"Scene37_CON.png","Scene37_SEM.png",43.5,3000,4000,0,1000,2000
180,486,"Scene37_CON.png","Scene37_SEM.png",43.5,3000,4000,0,1000,2000
741,588,"Scene38_CON.png","Scene38_SEM.png",43.5,3000,4000,0,1000,2000
792,537,"Scene38_CON.png","Scene38_SEM.png",43.5,3000,4000,0,1000,2000
843,537,"Scene38_CON.png","Scene38_SEM.png",43.5,3000,4000,0,1000,2000
894,537,"Scene38_CON.png","Scene38_SEM.png",43.5,3000,4000,0,1000,2000
945,537,"Scene38_CON.png","Scene38_SEM.png",43.5,3000,4000,0,1000,2000
894,486,"Scene38_CON.png","Scene38_SEM.png",43.5,3000,4000,0,1000,2000
945,588,"Scene38_CON.png","Scene38_SEM.png",43.5,3000,4000,0,1000,2000
996,588,"Scene38_CON.png","Scene38_SEM.png",43.5,3000,4000,0,1000,2000
945,639,"Scene38_CON.png","Scene38_SEM.png",43.5,3000,4000,0,1000,2000
894,639,"Scene38_CON.png","Scene38_SEM.png",43.5,3000,4000,0,1000,2000
843,639,"Scene38_CON.png","Scene38_SEM.png",43.5,3000,4000,0,1000,2000
792,639,"Scene38_CON.png","Scene38_SEM.png",43.5,3000,4000,0,1000,2000
792,588,"Scene38_CON.png","Scene38_SEM.png",43.5,3000,4000,0,1000,2000
843,588,"Scene38_CON.png","Scene38_SEM.png",43.5,3000,4000,0,1000,2000
894,588,"Scene38_CON.png","Scene38_SEM.png",43.5,3000,4000,0,1000,2000
282,690,"Scene39_CON.png","Scene39_SEM.png",43.5,3000,4000,0,1000,2000
333,690,"Scene39_CON.png","Scene39_SEM.png",43.5,3000,4000,0,1000,2000
384,690,"Scene39_CON.png","Scene39_SEM.png",43.5,3000,4000,0,1000,2000
384,639,"Scene39_CON.png","Scene39_SEM.png",43.5,3000,4000,0,1000,2000
384,588,"Scene39_CON.png","Scene39_SEM.png",43.5,3000,4000,0,1000,2000
333,588,"Scene39_CON.png","Scene39_SEM.png",43.5,3000,4000,0,1000,2000
333,537,"Scene39_CON.png","Scene39_SEM.png",43.5,3000,4000,0,1000,2000
282,486,"Scene39_CON.png","Scene39_SEM.png",43.5,3000,4000,0,1000,2000
282,537,"Scene39_CON.png","Scene39_SEM.png",43.5,3000,4000,0,1000,2000
231,537,"Scene39_CON.png","Scene39_SEM.png",43.5,3000,4000,0,1000,2000
231,588,"Scene39_CON.png","Scene39_SEM.png",43.5,3000,4000,0,1000,2000
282,639,"Scene39_CON.png","Scene39_SEM.png",43.5,3000,4000,0,1000,2000
231,639,"Scene39_CON.png","Scene39_SEM.png",43.5,3000,4000,0,1000,2000
333,639,"Scene39_CON.png","Scene39_SEM.png",43.5,3000,4000,0,1000,2000
282,588,"Scene39_CON.png","Scene39_SEM.png",43.5,3000,4000,0,1000,2000
231,537,"Scene40_CON.png","Scene40_SEM.png",43.5,3000,4000,0,1000,2000
282,537,"Scene40_CON.png","Scene40_SEM.png",43.5,3000,4000,0,1000,2000
180,486,"Scene40_CON.png","Scene40_SEM.png",43.5,3000,4000,0,1000,2000
231,486,"Scene40_CON.png","Scene40_SEM.png",43.5,3000,4000,0,1000,2000
231,435,"Scene40_CON.png","Scene40_SEM.png",43.5,3000,4000,0,1000,2000
282,639,"Scene41_CON.png","Scene41_SEM.png",43.5,3000,4000,0,1000,2000
333,588,"Scene41_CON.png","Scene41_SEM.png",43.5,3000,4000,0,1000,2000
384,639,"Scene41_CON.png","Scene41_SEM.png",43.5,3000,4000,0,1000,2000
435,639,"Scene41_CON.png","Scene41_SEM.png",43.5,3000,4000,0,1000,2000
486,690,"Scene41_CON.png","Scene41_SEM.png",43.5,3000,4000,0,1000,2000
537,690,"Scene41_CON.png","Scene41_SEM.png",43.5,3000,4000,0,1000,2000
435,690,"Scene41_CON.png","Scene41_SEM.png",43.5,3000,4000,0,1000,2000
333,639,"Scene41_CON.png","Scene41_SEM.png",43.5,3000,4000,0,1000,2000
282,690,"Scene41_CON.png","Scene41_SEM.png",43.5,3000,4000,0,1000,2000
333,690,"Scene41_CON.png","Scene41_SEM.png",43.5,3000,4000,0,1000,2000
537,333,"Scene42_CON.png","Scene42_SEM.png",43.5,3000,4000,0,1000,2000
588,333,"Scene42_CON.png","Scene42_SEM.png",43.5,3000,4000,0,1000,2000
282,639,"Scene43_CON.png","Scene43_SEM.png",43.5,3000,4000,0,1000,2000
282,588,"Scene43_CON.png","Scene43_SEM.png",43.5,3000,4000,0,1000,2000
333,588,"Scene43_CON.png","Scene43_SEM.png",43.5,3000,4000,0,1000,2000
384,588,"Scene43_CON.png","Scene43_SEM.png",43.5,3000,4000,0,1000,2000
384,537,"Scene43_CON.png","Scene43_SEM.png",43.5,3000,4000,0,1000,2000
435,486,"Scene43_CON.png","Scene43_SEM.png",43.5,3000,4000,0,1000,2000
486,537,"Scene43_CON.png","Scene43_SEM.png",43.5,3000,4000,0,1000,2000
537,537,"Scene43_CON.png","Scene43_SEM.png",43.5,3000,4000,0,1000,2000
588,537,"Scene43_CON.png","Scene43_SEM.png",43.5,3000,4000,0,1000,2000
435,537,"Scene43_CON.png","Scene43_SEM.png",43.5,3000,4000,0,1000,2000
435,588,"Scene43_CON.png","Scene43_SEM.png",43.5,3000,4000,0,1000,2000
486,588,"Scene43_CON.png","Scene43_SEM.png",43.5,3000,4000,0,1000,2000
537,588,"Scene43_CON.png","Scene43_SEM.png",43.5,3000,4000,0,1000,2000
486,639,"Scene43_CON.png","Scene43_SEM.png",43.5,3000,4000,0,1000,2000
486,690,"Scene43_CON.png","Scene43_SEM.png",43.5,3000,4000,0,1000,2000
435,741,"Scene43_CON.png","Scene43_SEM.png",43.5,3000,4000,0,1000,2000
384,741,"Scene43_CON.png","Scene43_SEM.png",43.5,3000,4000,0,1000,2000
333,741,"Scene43_CON.png","Scene43_SEM.png",43.5,3000,4000,0,1000,2000
282,690,"Scene43_CON.png","Scene43_SEM.png",43.5,3000,4000,0,1000,2000
333,690,"Scene43_CON.png","Scene43_SEM.png",43.5,3000,4000,0,1000,2000
333,639,"Scene43_CON.png","Scene43_SEM.png",43.5,3000,4000,0,1000,2000
384,639,"Scene43_CON.png","Scene43_SEM.png",43.5,3000,4000,0,1000,2000
384,690,"Scene43_CON.png","Scene43_SEM.png",43.5,3000,4000,0,1000,2000
435,690,"Scene43_CON.png","Scene43_SEM.png",43.5,3000,4000,0,1000,2000
435,639,"Scene43_CON.png","Scene43_SEM.png",43.5,3000,4000,0,1000,2000
486,435,"Scene44_CON.png","Scene44_SEM.png",43.5,3000,4000,0,1000,2000
537,486,"Scene44_CON.png","Scene44_SEM.png",43.5,3000,4000,0,1000,2000
537,435,"Scene44_CON.png","Scene44_SEM.png",43.5,3000,4000,0,1000,2000
588,384,"Scene44_CON.png","Scene44_SEM.png",43.5,3000,4000,0,1000,2000
639,384,"Scene44_CON.png","Scene44_SEM.png",43.5,3000,4000,0,1000,2000
690,384,"Scene44_CON.png","Scene44_SEM.png",43.5,3000,4000,0,1000,2000
741,384,"Scene44_CON.png","Scene44_SEM.png",43.5,3000,4000,0,1000,2000
690,435,"Scene44_CON.png","Scene44_SEM.png",43.5,3000,4000,0,1000,2000
690,486,"Scene44_CON.png","Scene44_SEM.png",43.5,3000,4000,0,1000,2000
690,537,"Scene44_CON.png","Scene44_SEM.png",43.5,3000,4000,0,1000,2000
639,537,"Scene44_CON.png","Scene44_SEM.png",43.5,3000,4000,0,1000,2000
588,537,"Scene44_CON.png","Scene44_SEM.png",43.5,3000,4000,0,1000,2000
588,486,"Scene44_CON.png","Scene44_SEM.png",43.5,3000,4000,0,1000,2000
639,486,"Scene44_CON.png","Scene44_SEM.png",43.5,3000,4000,0,1000,2000
639,435,"Scene44_CON.png","Scene44_SEM.png",43.5,3000,4000,0,1000,2000
588,435,"Scene44_CON.png","Scene44_SEM.png",43.5,3000,4000,0,1000,2000
129,690,"Scene45_CON.png","Scene45_SEM.png",43.5,3000,4000,0,1000,2000
180,690,"Scene45_CON.png","Scene45_SEM.png",43.5,3000,4000,0,1000,2000
231,639,"Scene45_CON.png","Scene45_SEM.png",43.5,3000,4000,0,1000,2000
282,639,"Scene45_CON.png","Scene45_SEM.png",43.5,3000,4000,0,1000,2000
333,639,"Scene45_CON.png","Scene45_SEM.png",43.5,3000,4000,0,1000,2000
333,588,"Scene45_CON.png","Scene45_SEM.png",43.5,3000,4000,0,1000,2000
282,537,"Scene45_CON.png","Scene45_SEM.png",43.5,3000,4000,0,1000,2000
282,486,"Scene45_CON.png","Scene45_SEM.png",43.5,3000,4000,0,1000,2000
231,486,"Scene45_CON.png","Scene45_SEM.png",43.5,3000,4000,0,1000,2000
180,537,"Scene45_CON.png","Scene45_SEM.png",43.5,3000,4000,0,1000,2000
129,537,"Scene45_CON.png","Scene45_SEM.png",43.5,3000,4000,0,1000,2000
129,588,"Scene45_CON.png","Scene45_SEM.png",43.5,3000,4000,0,1000,2000
129,639,"Scene45_CON.png","Scene45_SEM.png",43.5,3000,4000,0,1000,2000
180,639,"Scene45_CON.png","Scene45_SEM.png",43.5,3000,4000,0,1000,2000
180,588,"Scene45_CON.png","Scene45_SEM.png",43.5,3000,4000,0,1000,2000
231,588,"Scene45_CON.png","Scene45_SEM.png",43.5,3000,4000,0,1000,2000
282,588,"Scene45_CON.png","Scene45_SEM.png",43.5,3000,4000,0,1000,2000
231,537,"Scene45_CON.png","Scene45_SEM.png",43.5,3000,4000,0,1000,2000
690,384,"Scene46_CON.png","Scene46_SEM.png",43.5,3000,4000,0,1000,2000
741,384,"Scene46_CON.png","Scene46_SEM.png",43.5,3000,4000,0,1000,2000
792,384,"Scene46_CON.png","Scene46_SEM.png",43.5,3000,4000,0,1000,2000
741,486,"Scene47_CON.png","Scene47_SEM.png",43.5,3000,4000,0,1000,2000
792,486,"Scene47_CON.png","Scene47_SEM.png",43.5,3000,4000,0,1000,2000
843,486,"Scene47_CON.png","Scene47_SEM.png",43.5,3000,4000,0,1000,2000
843,435,"Scene47_CON.png","Scene47_SEM.png",43.5,3000,4000,0,1000,2000
843,384,"Scene47_CON.png","Scene47_SEM.png",43.5,3000,4000,0,1000,2000
843,333,"Scene47_CON.png","Scene47_SEM.png",43.5,3000,4000,0,1000,2000
843,282,"Scene47_CON.png","Scene47_SEM.png",43.5,3000,4000,0,1000,2000
792,231,"Scene47_CON.png","Scene47_SEM.png",43.5,3000,4000,0,1000,2000
792,282,"Scene47_CON.png","Scene47_SEM.png",43.5,3000,4000,0,1000,2000
792,333,"Scene47_CON.png","Scene47_SEM.png",43.5,3000,4000,0,1000,2000
792,384,"Scene47_CON.png","Scene47_SEM.png",43.5,3000,4000,0,1000,2000
741,435,"Scene47_CON.png","Scene47_SEM.png",43.5,3000,4000,0,1000,2000
792,435,"Scene47_CON.png","Scene47_SEM.png",43.5,3000,4000,0,1000,2000
537,537,"Scene48_CON.png","Scene48_SEM.png",43.5,3000,4000,0,1000,2000
588,486,"Scene48_CON.png","Scene48_SEM.png",43.5,3000,4000,0,1000,2000
537,435,"Scene48_CON.png","Scene48_SEM.png",43.5,3000,4000,0,1000,2000
537,486,"Scene48_CON.png","Scene48_SEM.png",43.5,3000,4000,0,1000,2000
588,537,"Scene48_CON.png","Scene48_SEM.png",43.5,3000,4000,0,1000,2000
333,588,"Scene49_CON.png","Scene49_SEM.png",43.5,3000,4000,0,1000,2000
282,537,"Scene49_CON.png","Scene49_SEM.png",43.5,3000,4000,0,1000,2000
282,486,"Scene49_CON.png","Scene49_SEM.png",43.5,3000,4000,0,1000,2000
333,486,"Scene49_CON.png","Scene49_SEM.png",43.5,3000,4000,0,1000,2000
384,486,"Scene49_CON.png","Scene49_SEM.png",43.5,3000,4000,0,1000,2000
333,537,"Scene49_CON.png","Scene49_SEM.png",43.5,3000,4000,0,1000,2000
384,537,"Scene49_CON.png","Scene49_SEM.png",43.5,3000,4000,0,1000,2000
384,588,"Scene49_CON.png","Scene49_SEM.png",43.5,3000,4000,0,1000,2000
333,639,"Scene49_CON.png","Scene49_SEM.png",43.5,3000,4000,0,1000,2000
27,690,"Scene50_CON.png","Scene50_SEM.png",43.5,4000,0,1000,2000,3000
78,690,"Scene50_CON.png","Scene50_SEM.png",43.5,4000,0,1000,2000,3000
129,690,"Scene50_CON.png","Scene50_SEM.png",43.5,4000,0,1000,2000,3000
129,639,"Scene50_CON.png","Scene50_SEM.png",43.5,4000,0,1000,2000,3000
129,588,"Scene50_CON.png","Scene50_SEM.png",43.5,4000,0,1000,2000,3000
78,639,"Scene50_CON.png","Scene50_SEM.png",43.5,4000,0,1000,2000,3000
27,639,"Scene50_CON.png","Scene50_SEM.png",43.5,4000,0,1000,2000,3000
27,588,"Scene50_CON.png","Scene50_SEM.png",43.5,4000,0,1000,2000,3000
27,537,"Scene50_CON.png","Scene50_SEM.png",43.5,4000,0,1000,2000,3000
27,486,"Scene50_CON.png","Scene50_SEM.png",43.5,4000,0,1000,2000,3000
27,435,"Scene50_CON.png","Scene50_SEM.png",43.5,4000,0,1000,2000,3000
27,384,"Scene50_CON.png","Scene50_SEM.png",43.5,4000,0,1000,2000,3000
78,384,"Scene50_CON.png","Scene50_SEM.png",43.5,4000,0,1000,2000,3000
78,333,"Scene50_CON.png","Scene50_SEM.png",43.5,4000,0,1000,2000,3000
129,333,"Scene50_CON.png","Scene50_SEM.png",43.5,4000,0,1000,2000,3000
180,333,"Scene50_CON.png","Scene50_SEM.png",43.5,4000,0,1000,2000,3000
180,384,"Scene50_CON.png","Scene50_SEM.png",43.5,4000,0,1000,2000,3000
129,384,"Scene50_CON.png","Scene50_SEM.png",43.5,4000,0,1000,2000,3000
78,435,"Scene50_CON.png","Scene50_SEM.png",43.5,4000,0,1000,2000,3000
129,435,"Scene50_CON.png","Scene50_SEM.png",43.5,4000,0,1000,2000,3000
180,435,"Scene50_CON.png","Scene50_SEM.png",43.5,4000,0,1000,2000,3000
180,486,"Scene50_CON.png","Scene50_SEM.png",43.5,4000,0,1000,2000,3000
180,537,"Scene50_CON.png","Scene50_SEM.png",43.5,4000,0,1000,2000,3000
180,588,"Scene50_CON.png","Scene50_SEM.png",43.5,4000,0,1000,2000,3000
129,537,"Scene50_CON.png","Scene50_SEM.png",43.5,4000,0,1000,2000,3000
129,486,"Scene50_CON.png","Scene50_SEM.png",43.5,4000,0,1000,2000,3000
78,486,"Scene50_CON.png","Scene50_SEM.png",43.5,4000,0,1000,2000,3000
78,537,"Scene50_CON.png","Scene50_SEM.png",43.5,4000,0,1000,2000,3000
78,588,"Scene50_CON.png","Scene50_SEM.png",43.5,4000,0,1000,2000,3000
537,384,"Scene51_CON.png","Scene51_SEM.png",43.5,4000,0,1000,2000,3000
588,384,"Scene51_CON.png","Scene51_SEM.png",43.5,4000,0,1000,2000,3000
588,333,"Scene51_CON.png","Scene51_SEM.png",43.5,4000,0,1000,2000,3000
537,333,"Scene51_CON.png","Scene51_SEM.png",43.5,4000,0,1000,2000,3000
537,282,"Scene51_CON.png","Scene51_SEM.png",43.5,4000,0,1000,2000,3000
588,282,"Scene51_CON.png","Scene51_SEM.png",43.5,4000,0,1000,2000,3000
384,537,"Scene52_CON.png","Scene52_SEM.png",43.5,4000,0,1000,2000,3000
333,588,"Scene52_CON.png","Scene52_SEM.png",43.5,4000,0,1000,2000,3000
384,588,"Scene52_CON.png","Scene52_SEM.png",43.5,4000,0,1000,2000,3000
333,639,"Scene52_CON.png","Scene52_SEM.png",43.5,4000,0,1000,2000,3000
384,639,"Scene52_CON.png","Scene52_SEM.png",43.5,4000,0,1000,2000,3000
333,690,"Scene52_CON.png","Scene52_SEM.png",43.5,4000,0,1000,2000,3000
384,690,"Scene52_CON.png","Scene52_SEM.png",43.5,4000,0,1000,2000,3000
333,741,"Scene52_CON.png","Scene52_SEM.png",43.5,4000,0,1000,2000,3000
231,435,"Scene53_CON.png","Scene53_SEM.png",43.5,4000,0,1000,2000,3000
231,486,"Scene53_CON.png","Scene53_SEM.png",43.5,4000,0,1000,2000,3000
282,537,"Scene53_CON.png","Scene53_SEM.png",43.5,4000,0,1000,2000,3000
282,486,"Scene53_CON.png","Scene53_SEM.png",43.5,4000,0,1000,2000,3000
333,588,"Scene53_CON.png","Scene53_SEM.png",43.5,4000,0,1000,2000,3000
282,639,"Scene53_CON.png","Scene53_SEM.png",43.5,4000,0,1000,2000,3000
282,588,"Scene53_CON.png","Scene53_SEM.png",43.5,4000,0,1000,2000,3000
231,690,"Scene53_CON.png","Scene53_SEM.png",43.5,4000,0,1000,2000,3000
231,639,"Scene53_CON.png","Scene53_SEM.png",43.5,4000,0,1000,2000,3000
231,588,"Scene53_CON.png","Scene53_SEM.png",43.5,4000,0,1000,2000,3000
231,537,"Scene53_CON.png","Scene53_SEM.png",43.5,4000,0,1000,2000,3000
180,537,"Scene53_CON.png","Scene53_SEM.png",43.5,4000,0,1000,2000,3000
180,588,"Scene53_CON.png","Scene53_SEM.png",43.5,4000,0,1000,2000,3000
180,639,"Scene53_CON.png","Scene53_SEM.png",43.5,4000,0,1000,2000,3000
180,690,"Scene53_CON.png","Scene53_SEM.png",43.5,4000,0,1000,2000,3000
180,435,"Scene53_CON.png","Scene53_SEM.png",43.5,4000,0,1000,2000,3000
537,129,"Scene54_CON.png","Scene54_SEM.png",43.5,4000,0,1000,2000,3000
537,180,"Scene54_CON.png","Scene54_SEM.png",43.5,4000,0,1000,2000,3000
486,231,"Scene54_CON.png","Scene54_SEM.png",43.5,4000,0,1000,2000,3000
537,231,"Scene54_CON.png","Scene54_SEM.png",43.5,4000,0,1000,2000,3000
588,231,"Scene54_CON.png","Scene54_SEM.png",43.5,4000,0,1000,2000,3000
588,282,"Scene54_CON.png","Scene54_SEM.png",43.5,4000,0,1000,2000,3000
537,282,"Scene54_CON.png","Scene54_SEM.png",43.5,4000,0,1000,2000,3000
486,282,"Scene54_CON.png","Scene54_SEM.png",43.5,4000,0,1000,2000,3000
486,333,"Scene54_CON.png","Scene54_SEM.png",43.5,4000,0,1000,2000,3000
537,333,"Scene54_CON.png","Scene54_SEM.png",43.5,4000,0,1000,2000,3000
588,333,"Scene54_CON.png","Scene54_SEM.png",43.5,4000,0,1000,2000,3000
588,537,"Scene55_CON.png","Scene55_SEM.png",43.5,4000,0,1000,2000,3000
639,537,"Scene55_CON.png","Scene55_SEM.png",43.5,4000,0,1000,2000,3000
690,537,"Scene55_CON.png","Scene55_SEM.png",43.5,4000,0,1000,2000,3000
690,486,"Scene55_CON.png","Scene55_SEM.png",43.5,4000,0,1000,2000,3000
741,435,"Scene55_CON.png","Scene55_SEM.png",43.5,4000,0,1000,2000,3000
690,435,"Scene55_CON.png","Scene55_SEM.png",43.5,4000,0,1000,2000,3000
639,435,"Scene55_CON.png","Scene55_SEM.png",43.5,4000,0,1000,2000,3000
588,486,"Scene55_CON.png","Scene55_SEM.png",43.5,4000,0,1000,2000,3000
639,486,"Scene55_CON.png","Scene55_SEM.png",43.5,4000,0,1000,2000,3000
231,537,"Scene56_CON.png","Scene56_SEM.png",43.5,4000,0,1000,2000,3000
282,537,"Scene56_CON.png","Scene56_SEM.png",43.5,4000,0,1000,2000,3000
333,537,"Scene56_CON.png","Scene56_SEM.png",43.5,4000,0,1000,2000,3000
384,537,"Scene56_CON.png","Scene56_SEM.png",43.5,4000,0,1000,2000,3000
435,537,"Scene56_CON.png","Scene56_SEM.png",43.5,4000,0,1000,2000,3000
486,537,"Scene56_CON.png","Scene56_SEM.png",43.5,4000,0,1000,2000,3000
486,486,"Scene56_CON.png","Scene56_SEM.png",43.5,4000,0,1000,2000,3000
486,435,"Scene56_CON.png","Scene56_SEM.png",43.5,4000,0,1000,2000,3000
486,384,"Scene56_CON.png","Scene56_SEM.png",43.5,4000,0,1000,2000,3000
486,333,"Scene56_CON.png","Scene56_SEM.png",43.5,4000,0,1000,2000,3000
435,333,"Scene56_CON.png","Scene56_SEM.png",43.5,4000,0,1000,2000,3000
384,333,"Scene56_CON.png","Scene56_SEM.png",43.5,4000,0,1000,2000,3000
333,333,"Scene56_CON.png","Scene56_SEM.png",43.5,4000,0,1000,2000,3000
282,333,"Scene56_CON.png","Scene56_SEM.png",43.5,4000,0,1000,2000,3000
282,384,"Scene56_CON.png","Scene56_SEM.png",43.5,4000,0,1000,2000,3000
282,435,"Scene56_CON.png","Scene56_SEM.png",43.5,4000,0,1000,2000,3000
231,486,"Scene56_CON.png","Scene56_SEM.png",43.5,4000,0,1000,2000,3000
282,486,"Scene56_CON.png","Scene56_SEM.png",43.5,4000,0,1000,2000,3000
333,486,"Scene56_CON.png","Scene56_SEM.png",43.5,4000,0,1000,2000,3000
384,486,"Scene56_CON.png","Scene56_SEM.png",43.5,4000,0,1000,2000,3000
435,486,"Scene56_CON.png","Scene56_SEM.png",43.5,4000,0,1000,2000,3000
435,435,"Scene56_CON.png","Scene56_SEM.png",43.5,4000,0,1000,2000,3000
384,435,"Scene56_CON.png","Scene56_SEM.png",43.5,4000,0,1000,2000,3000
333,435,"Scene56_CON.png","Scene56_SEM.png",43.5,4000,0,1000,2000,3000
333,384,"Scene56_CON.png","Scene56_SEM.png",43.5,4000,0,1000,2000,3000
384,384,"Scene56_CON.png","Scene56_SEM.png",43.5,4000,0,1000,2000,3000
435,384,"Scene56_CON.png","Scene56_SEM.png",43.5,4000,0,1000,2000,3000
639,486,"Scene57_CON.png","Scene57_SEM.png",43.5,4000,0,1000,2000,3000
690,486,"Scene57_CON.png","Scene57_SEM.png",43.5,4000,0,1000,2000,3000
741,486,"Scene57_CON.png","Scene57_SEM.png",43.5,4000,0,1000,2000,3000
792,486,"Scene57_CON.png","Scene57_SEM.png",43.5,4000,0,1000,2000,3000
843,537,"Scene57_CON.png","Scene57_SEM.png",43.5,4000,0,1000,2000,3000
741,435,"Scene57_CON.png","Scene57_SEM.png",43.5,4000,0,1000,2000,3000
690,435,"Scene57_CON.png","Scene57_SEM.png",43.5,4000,0,1000,2000,3000
333,486,"Scene58_CON.png","Scene58_SEM.png",43.5,4000,0,1000,2000,3000
384,486,"Scene58_CON.png","Scene58_SEM.png",43.5,4000,0,1000,2000,3000
435,486,"Scene58_CON.png","Scene58_SEM.png",43.5,4000,0,1000,2000,3000
486,435,"Scene58_CON.png","Scene58_SEM.png",43.5,4000,0,1000,2000,3000
537,435,"Scene58_CON.png","Scene58_SEM.png",43.5,4000,0,1000,2000,3000
588,486,"Scene58_CON.png","Scene58_SEM.png",43.5,4000,0,1000,2000,3000
639,486,"Scene58_CON.png","Scene58_SEM.png",43.5,4000,0,1000,2000,3000
537,486,"Scene58_CON.png","Scene58_SEM.png",43.5,4000,0,1000,2000,3000
486,486,"Scene58_CON.png","Scene58_SEM.png",43.5,4000,0,1000,2000,3000
384,537,"Scene58_CON.png","Scene58_SEM.png",43.5,4000,0,1000,2000,3000
588,486,"Scene59_CON.png","Scene59_SEM.png",43.5,4000,0,1000,2000,3000
639,435,"Scene59_CON.png","Scene59_SEM.png",43.5,4000,0,1000,2000,3000
639,486,"Scene59_CON.png","Scene59_SEM.png",43.5,4000,0,1000,2000,3000
690,486,"Scene59_CON.png","Scene59_SEM.png",43.5,4000,0,1000,2000,3000
741,486,"Scene59_CON.png","Scene59_SEM.png",43.5,4000,0,1000,2000,3000
792,537,"Scene59_CON.png","Scene59_SEM.png",43.5,4000,0,1000,2000,3000
792,486,"Scene59_CON.png","Scene59_SEM.png",43.5,4000,0,1000,2000,3000
843,537,"Scene59_CON.png","Scene59_SEM.png",43.5,4000,0,1000,2000,3000
894,537,"Scene59_CON.png","Scene59_SEM.png",43.5,4000,0,1000,2000,3000
945,588,"Scene59_CON.png","Scene59_SEM.png",43.5,4000,0,1000,2000,3000
996,537,"Scene59_CON.png","Scene59_SEM.png",43.5,4000,0,1000,2000,3000
945,537,"Scene59_CON.png","Scene59_SEM.png",43.5,4000,0,1000,2000,3000
996,588,"Scene59_CON.png","Scene59_SEM.png",43.5,4000,0,1000,2000,3000
27,690,"Scene60_CON.png","Scene60_SEM.png",43.5,4000,0,1000,2000,3000
27,639,"Scene60_CON.png","Scene60_SEM.png",43.5,4000,0,1000,2000,3000
78,639,"Scene60_CON.png","Scene60_SEM.png",43.5,4000,0,1000,2000,3000
129,690,"Scene60_CON.png","Scene60_SEM.png",43.5,4000,0,1000,2000,3000
78,690,"Scene60_CON.png","Scene60_SEM.png",43.5,4000,0,1000,2000,3000
129,639,"Scene60_CON.png","Scene60_SEM.png",43.5,4000,0,1000,2000,3000
180,639,"Scene60_CON.png","Scene60_SEM.png",43.5,4000,0,1000,2000,3000
180,690,"Scene60_CON.png","Scene60_SEM.png",43.5,4000,0,1000,2000,3000
231,690,"Scene60_CON.png","Scene60_SEM.png",43.5,4000,0,1000,2000,3000
231,639,"Scene60_CON.png","Scene60_SEM.png",43.5,4000,0,1000,2000,3000
282,639,"Scene60_CON.png","Scene60_SEM.png",43.5,4000,0,1000,2000,3000
282,690,"Scene60_CON.png","Scene60_SEM.png",43.5,4000,0,1000,2000,3000
333,639,"Scene60_CON.png","Scene60_SEM.png",43.5,4000,0,1000,2000,3000
384,639,"Scene60_CON.png","Scene60_SEM.png",43.5,4000,0,1000,2000,3000
435,639,"Scene60_CON.png","Scene60_SEM.png",43.5,4000,0,1000,2000,3000
486,639,"Scene60_CON.png","Scene60_SEM.png",43.5,4000,0,1000,2000,3000
537,690,"Scene60_CON.png","Scene60_SEM.png",43.5,4000,0,1000,2000,3000
792,588,"Scene61_CON.png","Scene61_SEM.png",43.5,4000,0,1000,2000,3000
843,639,"Scene61_CON.png","Scene61_SEM.png",43.5,4000,0,1000,2000,3000
843,588,"Scene61_CON.png","Scene61_SEM.png",43.5,4000,0,1000,2000,3000
894,588,"Scene61_CON.png","Scene61_SEM.png",43.5,4000,0,1000,2000,3000
792,639,"Scene61_CON.png","Scene61_SEM.png",43.5,4000,0,1000,2000,3000
78,741,"Scene62_CON.png","Scene62_SEM.png",43.5,4000,0,1000,2000,3000
78,690,"Scene62_CON.png","Scene62_SEM.png",43.5,4000,0,1000,2000,3000
129,690,"Scene62_CON.png","Scene62_SEM.png",43.5,4000,0,1000,2000,3000
180,639,"Scene62_CON.png","Scene62_SEM.png",43.5,4000,0,1000,2000,3000
231,639,"Scene62_CON.png","Scene62_SEM.png",43.5,4000,0,1000,2000,3000
231,690,"Scene62_CON.png","Scene62_SEM.png",43.5,4000,0,1000,2000,3000
282,690,"Scene62_CON.png","Scene62_SEM.png",43.5,4000,0,1000,2000,3000
180,690,"Scene62_CON.png","Scene62_SEM.png",43.5,4000,0,1000,2000,3000
180,741,"Scene62_CON.png","Scene62_SEM.png",43.5,4000,0,1000,2000,3000
129,741,"Scene62_CON.png","Scene62_SEM.png",43.5,4000,0,1000,2000,3000
129,639,"Scene62_CON.png","Scene62_SEM.png",43.5,4000,0,1000,2000,3000
